symbol	kind	category	rationale
__ctype_get_mb_cur_max	FUNC	C	locale-owned-state
__cxa_atexit	FUNC	D	loader-lifecycle
__cxa_finalize	FUNC	D	loader-lifecycle
__errno	FUNC	B	bionic-errno-tls
__sF	OBJECT	C	bionic-FILE-global-state
__system_property_get	FUNC	D	android-property-service
abort	FUNC	D	bionic-abort-signal-state
android_set_abort_message	FUNC	D	android-crash-runtime
btowc	FUNC	C	locale-multibyte-state
chdir	FUNC	B	path-errno-wrapper
clock_gettime	FUNC	B	clock-ids-timespec-errno
close	FUNC	B	fd-errno-wrapper
closedir	FUNC	B	DIR-layout-state
closelog	FUNC	C	syslog-global-state
dl_iterate_phdr	FUNC	D	ELF-loader-owned
fchmod	FUNC	B	mode-errno-wrapper
fchmodat	FUNC	B	at-flags-mode-errno
fclose	FUNC	B	FILE-layout-state
fdopendir	FUNC	B	DIR-layout-fd-ownership
fflush	FUNC	B	FILE-layout-state
fileno	FUNC	B	FILE-layout-state
fopen	FUNC	B	FILE-layout-path-errno
fprintf	FUNC	B	FILE-layout-varargs
fputc	FUNC	B	FILE-layout-state
fputwc	FUNC	B	FILE-layout-wide-state
fread	FUNC	B	FILE-layout-state
free	FUNC	C	allocator-owned-state
freelocale	FUNC	C	locale-owned-state
fseek	FUNC	B	FILE-layout-off_t
fseeko	FUNC	B	FILE-layout-off_t
fstat	FUNC	B	stat-layout-errno
ftello	FUNC	B	FILE-layout-off_t
ftruncate	FUNC	B	off_t-errno-wrapper
fwrite	FUNC	B	FILE-layout-state
getauxval	FUNC	D	ELF-auxv-kernel-contract
getc	FUNC	B	FILE-layout-state
getcwd	FUNC	B	path-errno-wrapper
getenv	FUNC	C	process-environment-state
getwc	FUNC	B	FILE-layout-wide-state
ioctl	FUNC	B	linux-request-constants-varargs
isatty	FUNC	B	fd-errno-semantics
iswalpha_l	FUNC	C	locale-owned-state
iswblank_l	FUNC	C	locale-owned-state
iswcntrl_l	FUNC	C	locale-owned-state
iswdigit_l	FUNC	C	locale-owned-state
iswlower_l	FUNC	C	locale-owned-state
iswprint_l	FUNC	C	locale-owned-state
iswpunct_l	FUNC	C	locale-owned-state
iswspace_l	FUNC	C	locale-owned-state
iswupper_l	FUNC	C	locale-owned-state
iswxdigit_l	FUNC	C	locale-owned-state
link	FUNC	B	path-errno-wrapper
localeconv	FUNC	C	locale-owned-struct-state
lstat	FUNC	B	stat-layout-path-errno
malloc	FUNC	C	allocator-owned-state
mbrlen	FUNC	C	locale-mbstate-layout
mbrtowc	FUNC	C	locale-mbstate-layout
mbsnrtowcs	FUNC	C	locale-mbstate-layout
mbsrtowcs	FUNC	C	locale-mbstate-layout
mbtowc	FUNC	C	locale-global-conversion-state
memchr	FUNC	A	byte-leaf
memcmp	FUNC	A	byte-leaf
memcpy	FUNC	A	byte-leaf
memmove	FUNC	A	byte-leaf
memset	FUNC	A	byte-leaf
mkdir	FUNC	B	mode-path-errno
nanosleep	FUNC	B	timespec-errno-wrapper
newlocale	FUNC	C	locale-owned-state
open	FUNC	B	linux-flags-mode-varargs-errno
openat	FUNC	B	linux-dirfd-flags-mode-errno
opendir	FUNC	B	DIR-layout-path-errno
openlog	FUNC	C	syslog-global-state
pathconf	FUNC	B	linux-name-constants-errno
posix_memalign	FUNC	C	allocator-owned-state
pthread_cond_broadcast	FUNC	C	pthread-object-layout-state
pthread_cond_destroy	FUNC	C	pthread-object-layout-state
pthread_cond_signal	FUNC	C	pthread-object-layout-state
pthread_cond_timedwait	FUNC	C	pthread-layout-clock-state
pthread_cond_wait	FUNC	C	pthread-object-layout-state
pthread_detach	FUNC	C	pthread-identity-state
pthread_getspecific	FUNC	C	pthread-TLS-state
pthread_join	FUNC	C	pthread-identity-state
pthread_key_create	FUNC	C	pthread-TLS-state
pthread_key_delete	FUNC	C	pthread-TLS-state
pthread_mutex_destroy	FUNC	C	pthread-object-layout-state
pthread_mutex_init	FUNC	C	pthread-object-layout-state
pthread_mutex_lock	FUNC	C	pthread-object-layout-state
pthread_mutex_trylock	FUNC	C	pthread-object-layout-state
pthread_mutex_unlock	FUNC	C	pthread-object-layout-state
pthread_mutexattr_destroy	FUNC	C	pthread-attr-layout-state
pthread_mutexattr_init	FUNC	C	pthread-attr-layout-state
pthread_mutexattr_settype	FUNC	C	pthread-constant-layout-state
pthread_once	FUNC	C	pthread-once-layout-state
pthread_rwlock_rdlock	FUNC	C	pthread-object-layout-state
pthread_rwlock_unlock	FUNC	C	pthread-object-layout-state
pthread_rwlock_wrlock	FUNC	C	pthread-object-layout-state
pthread_self	FUNC	C	pthread-identity-state
pthread_setspecific	FUNC	C	pthread-TLS-state
read	FUNC	B	fd-errno-wrapper
readdir	FUNC	B	DIR-dirent-layout-errno
readlink	FUNC	B	path-errno-wrapper
realloc	FUNC	C	allocator-owned-state
realpath	FUNC	B	path-allocation-errno
remove	FUNC	B	path-errno-wrapper
rename	FUNC	B	path-errno-wrapper
sendfile	FUNC	B	off_t-kernel-errno
setlocale	FUNC	C	locale-global-state
snprintf	FUNC	B	varargs-format-long-double
sscanf	FUNC	B	varargs-format-long-double
stat	FUNC	B	stat-layout-path-errno
statvfs	FUNC	B	statvfs-layout-constants
strcmp	FUNC	A	byte-string-leaf
strcoll_l	FUNC	C	locale-owned-state
strerror_r	FUNC	B	errno-number-semantics
strftime_l	FUNC	C	locale-owned-state
strlen	FUNC	A	byte-string-leaf
strncmp	FUNC	A	byte-string-leaf
strtod	FUNC	B	errno-locale-number-semantics
strtof	FUNC	B	errno-locale-number-semantics
strtol	FUNC	B	errno-locale-integer-semantics
strtold	FUNC	B	long-double-errno-locale
strtold_l	FUNC	B	long-double-locale-handle-errno
strtoll	FUNC	B	errno-locale-integer-semantics
strtoll_l	FUNC	B	locale-handle-errno
strtoul	FUNC	B	errno-locale-integer-semantics
strtoull	FUNC	B	errno-locale-integer-semantics
strtoull_l	FUNC	B	locale-handle-errno
strxfrm_l	FUNC	C	locale-owned-state
swprintf	FUNC	B	wide-varargs-long-double
symlink	FUNC	B	path-errno-wrapper
syscall	FUNC	D	linux-syscall-number-ABI
sysconf	FUNC	B	linux-name-constants-errno
syslog	FUNC	C	syslog-global-varargs-state
towlower_l	FUNC	C	locale-owned-state
towupper_l	FUNC	C	locale-owned-state
truncate	FUNC	B	path-off_t-errno
ungetc	FUNC	B	FILE-layout-state
ungetwc	FUNC	B	FILE-layout-wide-state
unlinkat	FUNC	B	linux-dirfd-flags-path-errno
uselocale	FUNC	C	locale-thread-state
utimensat	FUNC	B	dirfd-timespec-flags-errno
vasprintf	FUNC	B	va_list-allocator-format
vfprintf	FUNC	B	FILE-layout-va_list-format
vsnprintf	FUNC	B	va_list-format-long-double
vsscanf	FUNC	B	va_list-format-long-double
wcrtomb	FUNC	C	locale-mbstate-layout
wcscoll_l	FUNC	C	locale-owned-state
wcslen	FUNC	A	wchar32-string-leaf
wcsnrtombs	FUNC	C	locale-mbstate-layout
wcstod	FUNC	B	wide-locale-errno-number
wcstof	FUNC	B	wide-locale-errno-number
wcstol	FUNC	B	wide-locale-errno-integer
wcstold	FUNC	B	wide-long-double-locale-errno
wcstoll	FUNC	B	wide-locale-errno-integer
wcstoul	FUNC	B	wide-locale-errno-integer
wcstoull	FUNC	B	wide-locale-errno-integer
wcsxfrm_l	FUNC	C	locale-owned-state
wctob	FUNC	C	locale-global-conversion-state
wmemchr	FUNC	A	wchar32-memory-leaf
wmemcmp	FUNC	A	wchar32-memory-leaf
