address	caller	number	form
0x9cc58	__cxa_guard_acquire	178	gettid()
0x9cca8	__cxa_guard_acquire	178	gettid()
0xd9f7c	__cxx_atomic_notify_one_void	98	futex(uaddr,WAKE_PRIVATE,INT_MAX,0,0,0)
0xda02c	__cxx_atomic_notify_all_void	98	futex(uaddr,WAKE_PRIVATE,INT_MAX,0,0,0)
0xda130	__libcpp_atomic_wait_void	98	futex(uaddr,WAIT_PRIVATE,expected,timespec_2s,0,0)
0xda1c8	__cxx_atomic_notify_one_i32	98	futex(uaddr,WAKE_PRIVATE,1,0,0,0)
0xda248	__cxx_atomic_notify_all_i32	98	futex(uaddr,WAKE_PRIVATE,INT_MAX,0,0,0)
0xda2f4	__libcpp_atomic_wait_i32	98	futex(uaddr,WAIT_PRIVATE,expected,timespec_2s,0,0)
0x125bbc	libunwind_isReadableAddr	135	rt_sigprocmask(-1,address,0,8)
