order	managed_or_native_entry	complete_owner	exact_source	state_before_integration
1	System.load(String)	java.lang.System	ojluni/src/main/java/java/lang/System.java	prebuilt-core-oj
2	Runtime.load0(Class,String)	java.lang.Runtime	ojluni/src/main/java/java/lang/Runtime.java	prebuilt-core-oj
3	Runtime.load0 read-only check	libopenjdk UnixNativeDispatcher complete table	ojluni/src/main/native/UnixNativeDispatcher.c	first-missing-native-init
4	Runtime.nativeLoad(String,ClassLoader,Class)	libopenjdk Runtime.c complete six-method table	ojluni/src/main/native/Runtime.c	missing-registrar
5	JVM_NativeLoad	libopenjdkjvm	art/openjdkjvm/OpenjdkJvm.cc	archive-present-dead-stripped
6	JavaVMExt::LoadNativeLibrary	ART	runtime/jni/java_vm_ext.cc	linked
7	nativeLoad ClassLoader override	ART	runtime/well_known_classes.cc + runtime/jni/jni_internal.cc	linked
8	System.loadLibrary(String) name resolution	java.lang.Runtime + ClassLoader.findLibrary	ojluni/src/main/java/java/lang/Runtime.java + java/lang/ClassLoader.java	prebuilt-core-oj
9	ClassLoader.NativeLibraries	no Android owner; implementation is Android-removed	ojluni/src/main/java/java/lang/ClassLoader.java	not-an-executable-path
