number	audit	status	name	source	line
0	AUE_NULL	UNIMPL	linux_io_setup	sys/arm64/linux/syscalls.master	15
1	AUE_NULL	UNIMPL	linux_io_destroy	sys/arm64/linux/syscalls.master	16
2	AUE_NULL	UNIMPL	linux_io_submit	sys/arm64/linux/syscalls.master	17
3	AUE_NULL	UNIMPL	linux_io_cancel	sys/arm64/linux/syscalls.master	18
4	AUE_NULL	UNIMPL	linux_io_getevents	sys/arm64/linux/syscalls.master	19
5	AUE_NULL	STD	linux_setxattr	sys/arm64/linux/syscalls.master	20
6	AUE_NULL	STD	linux_lsetxattr	sys/arm64/linux/syscalls.master	29
7	AUE_NULL	STD	linux_fsetxattr	sys/arm64/linux/syscalls.master	38
8	AUE_NULL	STD	linux_getxattr	sys/arm64/linux/syscalls.master	47
9	AUE_NULL	STD	linux_lgetxattr	sys/arm64/linux/syscalls.master	55
10	AUE_NULL	STD	linux_fgetxattr	sys/arm64/linux/syscalls.master	63
11	AUE_NULL	STD	linux_listxattr	sys/arm64/linux/syscalls.master	71
12	AUE_NULL	STD	linux_llistxattr	sys/arm64/linux/syscalls.master	78
13	AUE_NULL	STD	linux_flistxattr	sys/arm64/linux/syscalls.master	85
14	AUE_NULL	STD	linux_removexattr	sys/arm64/linux/syscalls.master	92
15	AUE_NULL	STD	linux_lremovexattr	sys/arm64/linux/syscalls.master	98
16	AUE_NULL	STD	linux_fremovexattr	sys/arm64/linux/syscalls.master	104
17	AUE_GETCWD	STD	linux_getcwd	sys/arm64/linux/syscalls.master	110
18	AUE_NULL	STD	linux_lookup_dcookie	sys/arm64/linux/syscalls.master	116
19	AUE_NULL	STD	linux_eventfd2	sys/arm64/linux/syscalls.master	119
20	AUE_NULL	STD	linux_epoll_create1	sys/arm64/linux/syscalls.master	125
21	AUE_NULL	STD	linux_epoll_ctl	sys/arm64/linux/syscalls.master	130
22	AUE_NULL	STD	linux_epoll_pwait	sys/arm64/linux/syscalls.master	138
23	AUE_DUP	NOPROTO	dup	sys/arm64/linux/syscalls.master	148
24	AUE_NULL	STD	linux_dup3	sys/arm64/linux/syscalls.master	153
25	AUE_FCNTL	STD	linux_fcntl	sys/arm64/linux/syscalls.master	160
26	AUE_NULL	STD	linux_inotify_init1	sys/arm64/linux/syscalls.master	167
27	AUE_NULL	STD	linux_inotify_add_watch	sys/arm64/linux/syscalls.master	172
28	AUE_NULL	STD	linux_inotify_rm_watch	sys/arm64/linux/syscalls.master	179
29	AUE_IOCTL	STD	linux_ioctl	sys/arm64/linux/syscalls.master	185
30	AUE_SETPRIORITY	STD	linux_ioprio_set	sys/arm64/linux/syscalls.master	192
31	AUE_GETPRIORITY	STD	linux_ioprio_get	sys/arm64/linux/syscalls.master	199
32	AUE_FLOCK	NOPROTO	flock	sys/arm64/linux/syscalls.master	205
33	AUE_MKNODAT	STD	linux_mknodat	sys/arm64/linux/syscalls.master	211
34	AUE_MKDIRAT	STD	linux_mkdirat	sys/arm64/linux/syscalls.master	219
35	AUE_UNLINKAT	STD	linux_unlinkat	sys/arm64/linux/syscalls.master	226
36	AUE_SYMLINKAT	STD	linux_symlinkat	sys/arm64/linux/syscalls.master	233
37	AUE_LINKAT	STD	linux_linkat	sys/arm64/linux/syscalls.master	240
38	AUE_RENAMEAT	STD	linux_renameat	sys/arm64/linux/syscalls.master	249
39	AUE_NULL	UNIMPL	linux_umount2	sys/arm64/linux/syscalls.master	257
40	AUE_MOUNT	STD	linux_mount	sys/arm64/linux/syscalls.master	258
41	AUE_PIVOT_ROOT	STD	linux_pivot_root	sys/arm64/linux/syscalls.master	267
42	AUE_NULL	UNIMPL	nfsservctl	sys/arm64/linux/syscalls.master	270
43	AUE_STATFS	STD	linux_statfs	sys/arm64/linux/syscalls.master	271
44	AUE_FSTATFS	STD	linux_fstatfs	sys/arm64/linux/syscalls.master	277
45	AUE_TRUNCATE	STD	linux_truncate	sys/arm64/linux/syscalls.master	283
46	AUE_FTRUNCATE	STD	linux_ftruncate	sys/arm64/linux/syscalls.master	289
47	AUE_NULL	STD	linux_fallocate	sys/arm64/linux/syscalls.master	295
48	AUE_FACCESSAT	STD	linux_faccessat	sys/arm64/linux/syscalls.master	303
49	AUE_CHDIR	STD	linux_chdir	sys/arm64/linux/syscalls.master	310
50	AUE_FCHDIR	NOPROTO	fchdir	sys/arm64/linux/syscalls.master	315
51	AUE_CHROOT	NOPROTO	chroot	sys/arm64/linux/syscalls.master	320
52	AUE_FCHMOD	NOPROTO	fchmod	sys/arm64/linux/syscalls.master	325
53	AUE_FCHMODAT	STD	linux_fchmodat	sys/arm64/linux/syscalls.master	331
54	AUE_FCHOWNAT	STD	linux_fchownat	sys/arm64/linux/syscalls.master	338
55	AUE_FCHOWN	NOPROTO	fchown	sys/arm64/linux/syscalls.master	347
56	AUE_OPEN_RWTC	STD	linux_openat	sys/arm64/linux/syscalls.master	354
57	AUE_CLOSE	NOPROTO	close	sys/arm64/linux/syscalls.master	362
58	AUE_NULL	STD	linux_vhangup	sys/arm64/linux/syscalls.master	367
59	AUE_NULL	STD	linux_pipe2	sys/arm64/linux/syscalls.master	370
60	AUE_NULL	UNIMPL	linux_quotactl	sys/arm64/linux/syscalls.master	376
61	AUE_GETDIRENTRIES	STD	linux_getdents64	sys/arm64/linux/syscalls.master	377
62	AUE_LSEEK	STD	linux_lseek	sys/arm64/linux/syscalls.master	384
63	AUE_NULL	NOPROTO	read	sys/arm64/linux/syscalls.master	391
64	AUE_NULL	STD	linux_write	sys/arm64/linux/syscalls.master	398
65	AUE_READV	NOPROTO	readv	sys/arm64/linux/syscalls.master	405
66	AUE_WRITEV	STD	linux_writev	sys/arm64/linux/syscalls.master	412
67	AUE_PREAD	STD	linux_pread	sys/arm64/linux/syscalls.master	419
68	AUE_PWRITE	STD	linux_pwrite	sys/arm64/linux/syscalls.master	427
69	AUE_NULL	STD	linux_preadv	sys/arm64/linux/syscalls.master	435
70	AUE_NULL	STD	linux_pwritev	sys/arm64/linux/syscalls.master	444
71	AUE_SENDFILE	STD	linux_sendfile	sys/arm64/linux/syscalls.master	453
72	AUE_SELECT	STD	linux_pselect6	sys/arm64/linux/syscalls.master	461
73	AUE_POLL	STD	linux_ppoll	sys/arm64/linux/syscalls.master	471
74	AUE_NULL	STD	linux_signalfd4	sys/arm64/linux/syscalls.master	480
75	AUE_NULL	STD	linux_vmsplice	sys/arm64/linux/syscalls.master	483
76	AUE_NULL	STD	linux_splice	sys/arm64/linux/syscalls.master	486
77	AUE_NULL	STD	linux_tee	sys/arm64/linux/syscalls.master	496
78	AUE_READLINKAT	STD	linux_readlinkat	sys/arm64/linux/syscalls.master	499
79	AUE_FSTATAT	STD	linux_newfstatat	sys/arm64/linux/syscalls.master	507
80	AUE_FSTAT	STD	linux_newfstat	sys/arm64/linux/syscalls.master	515
81	AUE_NULL	UNIMPL	linux_sync	sys/arm64/linux/syscalls.master	521
82	AUE_FSYNC	NOPROTO	fsync	sys/arm64/linux/syscalls.master	522
83	AUE_NULL	STD	linux_fdatasync	sys/arm64/linux/syscalls.master	527
84	AUE_NULL	STD	linux_sync_file_range	sys/arm64/linux/syscalls.master	532
85	AUE_NULL	STD	linux_timerfd_create	sys/arm64/linux/syscalls.master	540
86	AUE_NULL	STD	linux_timerfd_settime	sys/arm64/linux/syscalls.master	546
87	AUE_NULL	STD	linux_timerfd_gettime	sys/arm64/linux/syscalls.master	554
88	AUE_FUTIMESAT	STD	linux_utimensat	sys/arm64/linux/syscalls.master	560
89	AUE_ACCT	NOPROTO	acct	sys/arm64/linux/syscalls.master	568
90	AUE_CAPGET	STD	linux_capget	sys/arm64/linux/syscalls.master	573
91	AUE_CAPSET	STD	linux_capset	sys/arm64/linux/syscalls.master	579
92	AUE_PERSONALITY	STD	linux_personality	sys/arm64/linux/syscalls.master	585
93	AUE_EXIT	STD	linux_exit	sys/arm64/linux/syscalls.master	590
94	AUE_EXIT	STD	linux_exit_group	sys/arm64/linux/syscalls.master	595
95	AUE_WAIT6	STD	linux_waitid	sys/arm64/linux/syscalls.master	600
96	AUE_NULL	STD	linux_set_tid_address	sys/arm64/linux/syscalls.master	609
97	AUE_NULL	STD	linux_unshare	sys/arm64/linux/syscalls.master	614
98	AUE_NULL	STD	linux_sys_futex	sys/arm64/linux/syscalls.master	617
99	AUE_NULL	STD	linux_set_robust_list	sys/arm64/linux/syscalls.master	627
100	AUE_NULL	STD	linux_get_robust_list	sys/arm64/linux/syscalls.master	633
101	AUE_NULL	STD	linux_nanosleep	sys/arm64/linux/syscalls.master	640
102	AUE_GETITIMER	STD	linux_getitimer	sys/arm64/linux/syscalls.master	646
103	AUE_SETITIMER	STD	linux_setitimer	sys/arm64/linux/syscalls.master	652
104	AUE_NULL	STD	linux_kexec_load	sys/arm64/linux/syscalls.master	659
105	AUE_NULL	STD	linux_init_module	sys/arm64/linux/syscalls.master	662
106	AUE_NULL	STD	linux_delete_module	sys/arm64/linux/syscalls.master	665
107	AUE_NULL	STD	linux_timer_create	sys/arm64/linux/syscalls.master	668
108	AUE_NULL	STD	linux_timer_gettime	sys/arm64/linux/syscalls.master	675
109	AUE_NULL	STD	linux_timer_getoverrun	sys/arm64/linux/syscalls.master	681
110	AUE_NULL	STD	linux_timer_settime	sys/arm64/linux/syscalls.master	686
111	AUE_NULL	STD	linux_timer_delete	sys/arm64/linux/syscalls.master	694
112	AUE_CLOCK_SETTIME	STD	linux_clock_settime	sys/arm64/linux/syscalls.master	699
113	AUE_NULL	STD	linux_clock_gettime	sys/arm64/linux/syscalls.master	705
114	AUE_NULL	STD	linux_clock_getres	sys/arm64/linux/syscalls.master	711
115	AUE_NULL	STD	linux_clock_nanosleep	sys/arm64/linux/syscalls.master	717
116	AUE_NULL	STD	linux_syslog	sys/arm64/linux/syscalls.master	725
117	AUE_PTRACE	STD	linux_ptrace	sys/arm64/linux/syscalls.master	732
118	AUE_SCHED_SETPARAM	STD	linux_sched_setparam	sys/arm64/linux/syscalls.master	740
119	AUE_SCHED_SETSCHEDULER	STD	linux_sched_setscheduler	sys/arm64/linux/syscalls.master	746
120	AUE_SCHED_GETSCHEDULER	STD	linux_sched_getscheduler	sys/arm64/linux/syscalls.master	753
121	AUE_SCHED_GETPARAM	STD	linux_sched_getparam	sys/arm64/linux/syscalls.master	758
122	AUE_NULL	STD	linux_sched_setaffinity	sys/arm64/linux/syscalls.master	764
123	AUE_NULL	STD	linux_sched_getaffinity	sys/arm64/linux/syscalls.master	771
124	AUE_NULL	NOPROTO	sched_yield	sys/arm64/linux/syscalls.master	778
125	AUE_SCHED_GET_PRIORITY_MAX	STD	linux_sched_get_priority_max	sys/arm64/linux/syscalls.master	781
126	AUE_SCHED_GET_PRIORITY_MIN	STD	linux_sched_get_priority_min	sys/arm64/linux/syscalls.master	786
127	AUE_SCHED_RR_GET_INTERVAL	STD	linux_sched_rr_get_interval	sys/arm64/linux/syscalls.master	791
128	AUE_NULL	UNIMPL	restart_syscall	sys/arm64/linux/syscalls.master	797
129	AUE_KILL	STD	linux_kill	sys/arm64/linux/syscalls.master	798
130	AUE_NULL	STD	linux_tkill	sys/arm64/linux/syscalls.master	804
131	AUE_NULL	STD	linux_tgkill	sys/arm64/linux/syscalls.master	810
132	AUE_NULL	STD	linux_sigaltstack	sys/arm64/linux/syscalls.master	817
133	AUE_NULL	STD	linux_rt_sigsuspend	sys/arm64/linux/syscalls.master	823
134	AUE_NULL	STD	linux_rt_sigaction	sys/arm64/linux/syscalls.master	829
135	AUE_NULL	STD	linux_rt_sigprocmask	sys/arm64/linux/syscalls.master	837
136	AUE_NULL	STD	linux_rt_sigpending	sys/arm64/linux/syscalls.master	845
137	AUE_NULL	STD	linux_rt_sigtimedwait	sys/arm64/linux/syscalls.master	851
138	AUE_NULL	STD	linux_rt_sigqueueinfo	sys/arm64/linux/syscalls.master	859
139	AUE_NULL	STD	linux_rt_sigreturn	sys/arm64/linux/syscalls.master	866
140	AUE_SETPRIORITY	NOPROTO	setpriority	sys/arm64/linux/syscalls.master	869
141	AUE_GETPRIORITY	STD	linux_getpriority	sys/arm64/linux/syscalls.master	876
142	AUE_REBOOT	STD	linux_reboot	sys/arm64/linux/syscalls.master	882
143	AUE_SETREGID	NOPROTO	setregid	sys/arm64/linux/syscalls.master	890
144	AUE_SETGID	NOPROTO	setgid	sys/arm64/linux/syscalls.master	896
145	AUE_SETREUID	NOPROTO	setreuid	sys/arm64/linux/syscalls.master	901
146	AUE_SETUID	NOPROTO	setuid	sys/arm64/linux/syscalls.master	907
147	AUE_SETRESUID	NOPROTO	setresuid	sys/arm64/linux/syscalls.master	912
148	AUE_GETRESUID	NOPROTO	getresuid	sys/arm64/linux/syscalls.master	919
149	AUE_SETRESGID	NOPROTO	setresgid	sys/arm64/linux/syscalls.master	926
150	AUE_GETRESGID	NOPROTO	getresgid	sys/arm64/linux/syscalls.master	933
151	AUE_SETFSUID	STD	linux_setfsuid	sys/arm64/linux/syscalls.master	940
152	AUE_SETFSGID	STD	linux_setfsgid	sys/arm64/linux/syscalls.master	945
153	AUE_NULL	STD	linux_times	sys/arm64/linux/syscalls.master	950
154	AUE_SETPGRP	NOPROTO	setpgid	sys/arm64/linux/syscalls.master	955
155	AUE_GETPGID	NOPROTO	getpgid	sys/arm64/linux/syscalls.master	961
156	AUE_GETSID	STD	linux_getsid	sys/arm64/linux/syscalls.master	966
157	AUE_SETSID	NOPROTO	setsid	sys/arm64/linux/syscalls.master	971
158	AUE_GETGROUPS	STD	linux_getgroups	sys/arm64/linux/syscalls.master	974
159	AUE_SETGROUPS	STD	linux_setgroups	sys/arm64/linux/syscalls.master	980
160	AUE_NULL	STD	linux_newuname	sys/arm64/linux/syscalls.master	986
161	AUE_SYSCTL	STD	linux_sethostname	sys/arm64/linux/syscalls.master	991
162	AUE_SYSCTL	STD	linux_setdomainname	sys/arm64/linux/syscalls.master	997
163	AUE_GETRLIMIT	STD	linux_getrlimit	sys/arm64/linux/syscalls.master	1003
164	AUE_SETRLIMIT	STD	linux_setrlimit	sys/arm64/linux/syscalls.master	1009
165	AUE_GETRUSAGE	NOPROTO	getrusage	sys/arm64/linux/syscalls.master	1015
166	AUE_UMASK	NOPROTO	umask	sys/arm64/linux/syscalls.master	1021
167	AUE_PRCTL	STD	linux_prctl	sys/arm64/linux/syscalls.master	1026
168	AUE_NULL	STD	linux_getcpu	sys/arm64/linux/syscalls.master	1035
169	AUE_NULL	NOPROTO	gettimeofday	sys/arm64/linux/syscalls.master	1042
170	AUE_SETTIMEOFDAY	NOPROTO	settimeofday	sys/arm64/linux/syscalls.master	1048
171	AUE_ADJTIME	STD	linux_adjtimex	sys/arm64/linux/syscalls.master	1054
172	AUE_GETPID	STD	linux_getpid	sys/arm64/linux/syscalls.master	1057
173	AUE_GETPPID	STD	linux_getppid	sys/arm64/linux/syscalls.master	1060
174	AUE_GETUID	STD	linux_getuid	sys/arm64/linux/syscalls.master	1063
175	AUE_GETEUID	NOPROTO	geteuid	sys/arm64/linux/syscalls.master	1066
176	AUE_GETGID	STD	linux_getgid	sys/arm64/linux/syscalls.master	1069
177	AUE_GETEGID	NOPROTO	getegid	sys/arm64/linux/syscalls.master	1072
178	AUE_NULL	STD	linux_gettid	sys/arm64/linux/syscalls.master	1075
179	AUE_NULL	STD	linux_sysinfo	sys/arm64/linux/syscalls.master	1078
180	AUE_NULL	STD	linux_mq_open	sys/arm64/linux/syscalls.master	1083
181	AUE_NULL	STD	linux_mq_unlink	sys/arm64/linux/syscalls.master	1091
182	AUE_NULL	STD	linux_mq_timedsend	sys/arm64/linux/syscalls.master	1096
183	AUE_NULL	STD	linux_mq_timedreceive	sys/arm64/linux/syscalls.master	1105
184	AUE_NULL	STD	linux_mq_notify	sys/arm64/linux/syscalls.master	1114
185	AUE_NULL	STD	linux_mq_getsetattr	sys/arm64/linux/syscalls.master	1120
186	AUE_NULL	STD	linux_msgget	sys/arm64/linux/syscalls.master	1127
187	AUE_NULL	STD	linux_msgctl	sys/arm64/linux/syscalls.master	1133
188	AUE_NULL	STD	linux_msgrcv	sys/arm64/linux/syscalls.master	1140
189	AUE_NULL	STD	linux_msgsnd	sys/arm64/linux/syscalls.master	1149
190	AUE_NULL	STD	linux_semget	sys/arm64/linux/syscalls.master	1157
191	AUE_NULL	STD	linux_semctl	sys/arm64/linux/syscalls.master	1164
192	AUE_NULL	STD	linux_semtimedop	sys/arm64/linux/syscalls.master	1172
193	AUE_NULL	NOPROTO	semop	sys/arm64/linux/syscalls.master	1180
194	AUE_NULL	STD	linux_shmget	sys/arm64/linux/syscalls.master	1187
195	AUE_NULL	STD	linux_shmctl	sys/arm64/linux/syscalls.master	1194
196	AUE_NULL	STD	linux_shmat	sys/arm64/linux/syscalls.master	1201
197	AUE_NULL	STD	linux_shmdt	sys/arm64/linux/syscalls.master	1208
198	AUE_SOCKET	STD	linux_socket	sys/arm64/linux/syscalls.master	1213
199	AUE_SOCKETPAIR	STD	linux_socketpair	sys/arm64/linux/syscalls.master	1220
200	AUE_BIND	STD	linux_bind	sys/arm64/linux/syscalls.master	1228
201	AUE_LISTEN	STD	linux_listen	sys/arm64/linux/syscalls.master	1235
202	AUE_ACCEPT	STD	linux_accept	sys/arm64/linux/syscalls.master	1241
203	AUE_CONNECT	STD	linux_connect	sys/arm64/linux/syscalls.master	1248
204	AUE_GETSOCKNAME	STD	linux_getsockname	sys/arm64/linux/syscalls.master	1255
205	AUE_GETPEERNAME	STD	linux_getpeername	sys/arm64/linux/syscalls.master	1262
206	AUE_SENDTO	STD	linux_sendto	sys/arm64/linux/syscalls.master	1269
207	AUE_RECVFROM	STD	linux_recvfrom	sys/arm64/linux/syscalls.master	1279
208	AUE_SETSOCKOPT	STD	linux_setsockopt	sys/arm64/linux/syscalls.master	1289
209	AUE_GETSOCKOPT	STD	linux_getsockopt	sys/arm64/linux/syscalls.master	1298
210	AUE_NULL	STD	linux_shutdown	sys/arm64/linux/syscalls.master	1307
211	AUE_SENDMSG	STD	linux_sendmsg	sys/arm64/linux/syscalls.master	1313
212	AUE_RECVMSG	STD	linux_recvmsg	sys/arm64/linux/syscalls.master	1320
213	AUE_NULL	UNIMPL	linux_readahead	sys/arm64/linux/syscalls.master	1327
214	AUE_NULL	STD	linux_brk	sys/arm64/linux/syscalls.master	1328
215	AUE_MUNMAP	NOPROTO	munmap	sys/arm64/linux/syscalls.master	1333
216	AUE_NULL	STD	linux_mremap	sys/arm64/linux/syscalls.master	1339
217	AUE_NULL	STD	linux_add_key	sys/arm64/linux/syscalls.master	1348
218	AUE_NULL	STD	linux_request_key	sys/arm64/linux/syscalls.master	1351
219	AUE_NULL	STD	linux_keyctl	sys/arm64/linux/syscalls.master	1354
220	AUE_RFORK	STD	linux_clone	sys/arm64/linux/syscalls.master	1357
221	AUE_EXECVE	STD	linux_execve	sys/arm64/linux/syscalls.master	1366
222	AUE_MMAP	STD	linux_mmap2	sys/arm64/linux/syscalls.master	1373
223	AUE_NULL	STD	linux_fadvise64	sys/arm64/linux/syscalls.master	1383
224	AUE_SWAPON	NOPROTO	swapon	sys/arm64/linux/syscalls.master	1391
225	AUE_SWAPOFF	STD	linux_swapoff	sys/arm64/linux/syscalls.master	1396
226	AUE_MPROTECT	STD	linux_mprotect	sys/arm64/linux/syscalls.master	1399
227	AUE_MSYNC	STD	linux_msync	sys/arm64/linux/syscalls.master	1406
228	AUE_MLOCK	NOPROTO	mlock	sys/arm64/linux/syscalls.master	1413
229	AUE_MUNLOCK	NOPROTO	munlock	sys/arm64/linux/syscalls.master	1419
230	AUE_MLOCKALL	NOPROTO	mlockall	sys/arm64/linux/syscalls.master	1425
231	AUE_MUNLOCKALL	NOPROTO	munlockall	sys/arm64/linux/syscalls.master	1430
232	AUE_MINCORE	STD	linux_mincore	sys/arm64/linux/syscalls.master	1433
233	AUE_MADVISE	STD	linux_madvise	sys/arm64/linux/syscalls.master	1440
234	AUE_NULL	STD	linux_remap_file_pages	sys/arm64/linux/syscalls.master	1447
235	AUE_NULL	STD	linux_mbind	sys/arm64/linux/syscalls.master	1450
236	AUE_NULL	STD	linux_get_mempolicy	sys/arm64/linux/syscalls.master	1453
237	AUE_NULL	STD	linux_set_mempolicy	sys/arm64/linux/syscalls.master	1456
238	AUE_NULL	STD	linux_migrate_pages	sys/arm64/linux/syscalls.master	1459
239	AUE_NULL	STD	linux_move_pages	sys/arm64/linux/syscalls.master	1462
240	AUE_NULL	STD	linux_rt_tgsigqueueinfo	sys/arm64/linux/syscalls.master	1465
241	AUE_NULL	STD	linux_perf_event_open	sys/arm64/linux/syscalls.master	1473
242	AUE_ACCEPT	STD	linux_accept4	sys/arm64/linux/syscalls.master	1476
243	AUE_NULL	STD	linux_recvmmsg	sys/arm64/linux/syscalls.master	1484
260	AUE_WAIT4	STD	linux_wait4	sys/arm64/linux/syscalls.master	1494
261	AUE_NULL	STD	linux_prlimit64	sys/arm64/linux/syscalls.master	1502
262	AUE_NULL	STD	linux_fanotify_init	sys/arm64/linux/syscalls.master	1510
263	AUE_NULL	STD	linux_fanotify_mark	sys/arm64/linux/syscalls.master	1513
264	AUE_NULL	STD	linux_name_to_handle_at	sys/arm64/linux/syscalls.master	1516
265	AUE_NULL	STD	linux_open_by_handle_at	sys/arm64/linux/syscalls.master	1525
266	AUE_NULL	STD	linux_clock_adjtime	sys/arm64/linux/syscalls.master	1532
267	AUE_SYNC	STD	linux_syncfs	sys/arm64/linux/syscalls.master	1535
268	AUE_NULL	STD	linux_setns	sys/arm64/linux/syscalls.master	1540
269	AUE_NULL	STD	linux_sendmmsg	sys/arm64/linux/syscalls.master	1546
270	AUE_NULL	STD	linux_process_vm_readv	sys/arm64/linux/syscalls.master	1554
271	AUE_NULL	STD	linux_process_vm_writev	sys/arm64/linux/syscalls.master	1564
272	AUE_NULL	STD	linux_kcmp	sys/arm64/linux/syscalls.master	1574
273	AUE_NULL	STD	linux_finit_module	sys/arm64/linux/syscalls.master	1583
274	AUE_NULL	STD	linux_sched_setattr	sys/arm64/linux/syscalls.master	1590
275	AUE_NULL	STD	linux_sched_getattr	sys/arm64/linux/syscalls.master	1597
276	AUE_NULL	STD	linux_renameat2	sys/arm64/linux/syscalls.master	1605
277	AUE_NULL	STD	linux_seccomp	sys/arm64/linux/syscalls.master	1614
278	AUE_NULL	STD	linux_getrandom	sys/arm64/linux/syscalls.master	1621
279	AUE_NULL	STD	linux_memfd_create	sys/arm64/linux/syscalls.master	1628
280	AUE_NULL	STD	linux_bpf	sys/arm64/linux/syscalls.master	1634
281	AUE_NULL	STD	linux_execveat	sys/arm64/linux/syscalls.master	1641
282	AUE_NULL	STD	linux_userfaultfd	sys/arm64/linux/syscalls.master	1650
283	AUE_NULL	STD	linux_membarrier	sys/arm64/linux/syscalls.master	1655
284	AUE_NULL	STD	linux_mlock2	sys/arm64/linux/syscalls.master	1662
285	AUE_NULL	STD	linux_copy_file_range	sys/arm64/linux/syscalls.master	1669
286	AUE_NULL	STD	linux_preadv2	sys/arm64/linux/syscalls.master	1679
287	AUE_NULL	STD	linux_pwritev2	sys/arm64/linux/syscalls.master	1689
288	AUE_NULL	STD	linux_pkey_mprotect	sys/arm64/linux/syscalls.master	1699
289	AUE_NULL	STD	linux_pkey_alloc	sys/arm64/linux/syscalls.master	1707
290	AUE_NULL	STD	linux_pkey_free	sys/arm64/linux/syscalls.master	1713
291	AUE_NULL	STD	linux_statx	sys/arm64/linux/syscalls.master	1719
292	AUE_NULL	STD	linux_io_pgetevents	sys/arm64/linux/syscalls.master	1729
293	AUE_NULL	STD	linux_rseq	sys/arm64/linux/syscalls.master	1732
294	AUE_NULL	STD	linux_kexec_file_load	sys/arm64/linux/syscalls.master	1740
424	AUE_NULL	STD	linux_pidfd_send_signal	sys/arm64/linux/syscalls.master	1745
425	AUE_NULL	STD	linux_io_uring_setup	sys/arm64/linux/syscalls.master	1753
426	AUE_NULL	STD	linux_io_uring_enter	sys/arm64/linux/syscalls.master	1756
427	AUE_NULL	STD	linux_io_uring_register	sys/arm64/linux/syscalls.master	1759
428	AUE_NULL	STD	linux_open_tree	sys/arm64/linux/syscalls.master	1763
429	AUE_NULL	STD	linux_move_mount	sys/arm64/linux/syscalls.master	1766
430	AUE_NULL	STD	linux_fsopen	sys/arm64/linux/syscalls.master	1769
431	AUE_NULL	STD	linux_fsconfig	sys/arm64/linux/syscalls.master	1772
432	AUE_NULL	STD	linux_fsmount	sys/arm64/linux/syscalls.master	1775
433	AUE_NULL	STD	linux_fspick	sys/arm64/linux/syscalls.master	1778
434	AUE_NULL	STD	linux_pidfd_open	sys/arm64/linux/syscalls.master	1782
435	AUE_NULL	STD	linux_clone3	sys/arm64/linux/syscalls.master	1785
436	AUE_CLOSERANGE	STD	linux_close_range	sys/arm64/linux/syscalls.master	1792
437	AUE_NULL	STD	linux_openat2	sys/arm64/linux/syscalls.master	1800
438	AUE_NULL	STD	linux_pidfd_getfd	sys/arm64/linux/syscalls.master	1803
439	AUE_NULL	STD	linux_faccessat2	sys/arm64/linux/syscalls.master	1807
440	AUE_NULL	STD	linux_process_madvise	sys/arm64/linux/syscalls.master	1816
441	AUE_NULL	STD	linux_epoll_pwait2	sys/arm64/linux/syscalls.master	1820
442	AUE_NULL	STD	linux_mount_setattr	sys/arm64/linux/syscalls.master	1831
443	AUE_NULL	STD	linux_quotactl_fd	sys/arm64/linux/syscalls.master	1835
444	AUE_NULL	STD	linux_landlock_create_ruleset	sys/arm64/linux/syscalls.master	1839
445	AUE_NULL	STD	linux_landlock_add_rule	sys/arm64/linux/syscalls.master	1842
446	AUE_NULL	STD	linux_landlock_restrict_self	sys/arm64/linux/syscalls.master	1845
447	AUE_NULL	STD	linux_memfd_secret	sys/arm64/linux/syscalls.master	1849
448	AUE_NULL	STD	linux_process_mrelease	sys/arm64/linux/syscalls.master	1853
449	AUE_NULL	STD	linux_futex_waitv	sys/arm64/linux/syscalls.master	1857
450	AUE_NULL	STD	linux_set_mempolicy_home_node	sys/arm64/linux/syscalls.master	1861
451	AUE_NULL	STD	linux_cachestat	sys/arm64/linux/syscalls.master	1865
452	AUE_NULL	STD	linux_fchmodat2	sys/arm64/linux/syscalls.master	1869
