domain	symbol	role	reuse	source	line
arm64-personality	linux_exec_setregs	helper	semantics-only-freebsd-kernel-coupled	sys/arm64/linux/linux_sysvec.c	168
arm64-personality	linux_exec_sysvec_init	helper	semantics-only-freebsd-kernel-coupled	sys/arm64/linux/linux_sysvec.c	488
arm64-personality	linux_fetch_syscall_args	helper	semantics-only-freebsd-kernel-coupled	sys/arm64/linux/linux_sysvec.c	112
arm64-personality	linux_on_exec_vmspace	helper	semantics-only-freebsd-kernel-coupled	sys/arm64/linux/linux_sysvec.c	472
arm64-personality	linux_parse_sigreturn_ctx	helper	semantics-only-freebsd-kernel-coupled	sys/arm64/linux/linux_sysvec.c	193
arm64-personality	linux_rt_sendsig	helper	semantics-only-freebsd-kernel-coupled	sys/arm64/linux/linux_sysvec.c	298
arm64-personality	linux_rt_sigreturn	syscall-handler	semantics-only-freebsd-kernel-coupled	sys/arm64/linux/linux_sysvec.c	253
arm64-personality	linux_set_syscall_retval	helper	semantics-only-freebsd-kernel-coupled	sys/arm64/linux/linux_sysvec.c	140
arm64-personality	linux_vdso_deinstall	helper	semantics-only-freebsd-kernel-coupled	sys/arm64/linux/linux_sysvec.c	528
arm64-personality	linux_vdso_install	helper	semantics-only-freebsd-kernel-coupled	sys/arm64/linux/linux_sysvec.c	506
arm64-personality	linux_vdso_reloc	helper	semantics-only-freebsd-kernel-coupled	sys/arm64/linux/linux_sysvec.c	538
common	bsd_to_linux_poll_events	converter	semantics-only-freebsd-kernel-coupled	sys/compat/linux/linux.c	591
common	linux_dev_shm_create	helper	semantics-only-freebsd-kernel-coupled	sys/compat/linux/linux.c	440
common	linux_dev_shm_destroy	helper	semantics-only-freebsd-kernel-coupled	sys/compat/linux/linux.c	453
common	linux_to_bsd_poll_events	converter	semantics-only-freebsd-kernel-coupled	sys/compat/linux/linux.c	536
errno	bsd_to_linux_errno	converter	semantics-only-freebsd-kernel-coupled	sys/compat/linux/linux_errno.c	11
errno	linux_check_errtbl	helper	semantics-only-freebsd-kernel-coupled	sys/compat/linux/linux_errno.c	22
event	linux_epoll_create	helper	semantics-only-freebsd-kernel-coupled	sys/compat/linux/linux_event.c	112
event	linux_epoll_create1	syscall-handler	semantics-only-freebsd-kernel-coupled	sys/compat/linux/linux_event.c	127
event	linux_epoll_ctl	syscall-handler	semantics-only-freebsd-kernel-coupled	sys/compat/linux/linux_event.c	283
event	linux_epoll_pwait	syscall-handler	semantics-only-freebsd-kernel-coupled	sys/compat/linux/linux_event.c	465
event	linux_epoll_pwait2	syscall-handler	semantics-only-freebsd-kernel-coupled	sys/compat/linux/linux_event.c	505
event	linux_epoll_pwait2_64	helper	semantics-only-freebsd-kernel-coupled	sys/compat/linux/linux_event.c	481
event	linux_epoll_wait	helper	semantics-only-freebsd-kernel-coupled	sys/compat/linux/linux_event.c	456
event	linux_epoll_wait_common	helper	semantics-only-freebsd-kernel-coupled	sys/compat/linux/linux_event.c	432
event	linux_epoll_wait_ts	helper	semantics-only-freebsd-kernel-coupled	sys/compat/linux/linux_event.c	370
event	linux_eventfd	helper	semantics-only-freebsd-kernel-coupled	sys/compat/linux/linux_event.c	577
event	linux_eventfd2	syscall-handler	semantics-only-freebsd-kernel-coupled	sys/compat/linux/linux_event.c	588
event	linux_timerfd_create	syscall-handler	semantics-only-freebsd-kernel-coupled	sys/compat/linux/linux_event.c	611
event	linux_timerfd_gettime	syscall-handler	semantics-only-freebsd-kernel-coupled	sys/compat/linux/linux_event.c	629
event	linux_timerfd_gettime64	helper	semantics-only-freebsd-kernel-coupled	sys/compat/linux/linux_event.c	674
event	linux_timerfd_settime	syscall-handler	semantics-only-freebsd-kernel-coupled	sys/compat/linux/linux_event.c	647
event	linux_timerfd_settime64	helper	semantics-only-freebsd-kernel-coupled	sys/compat/linux/linux_event.c	692
futex	linux_futex	helper	semantics-only-freebsd-kernel-coupled	sys/compat/linux/linux_futex.c	194
futex	linux_futex_lock_pi	helper	semantics-only-freebsd-kernel-coupled	sys/compat/linux/linux_futex.c	357
futex	linux_futex_requeue	helper	semantics-only-freebsd-kernel-coupled	sys/compat/linux/linux_futex.c	672
futex	linux_futex_unlock_pi	helper	semantics-only-freebsd-kernel-coupled	sys/compat/linux/linux_futex.c	570
futex	linux_futex_wait	helper	semantics-only-freebsd-kernel-coupled	sys/compat/linux/linux_futex.c	742
futex	linux_futex_wake	helper	semantics-only-freebsd-kernel-coupled	sys/compat/linux/linux_futex.c	723
futex	linux_futex_wakeop	helper	semantics-only-freebsd-kernel-coupled	sys/compat/linux/linux_futex.c	629
futex	linux_get_robust_list	syscall-handler	semantics-only-freebsd-kernel-coupled	sys/compat/linux/linux_futex.c	890
futex	linux_set_robust_list	syscall-handler	semantics-only-freebsd-kernel-coupled	sys/compat/linux/linux_futex.c	876
futex	linux_sys_futex	syscall-handler	semantics-only-freebsd-kernel-coupled	sys/compat/linux/linux_futex.c	809
futex	linux_sys_futex_time64	helper	semantics-only-freebsd-kernel-coupled	sys/compat/linux/linux_futex.c	842
futex	linux_umtx_abs_timeout_init	helper	semantics-only-freebsd-kernel-coupled	sys/compat/linux/linux_futex.c	789
mmap	linux_fixup_prot	helper	semantics-only-freebsd-kernel-coupled	sys/compat/linux/linux_mmap.c	418
mmap	linux_madvise_common	helper	semantics-only-freebsd-kernel-coupled	sys/compat/linux/linux_mmap.c	345
mmap	linux_madvise_dontneed	helper	semantics-only-freebsd-kernel-coupled	sys/compat/linux/linux_mmap.c	255
mmap	linux_mmap_check_fp	helper	semantics-only-freebsd-kernel-coupled	sys/compat/linux/linux_mmap.c	63
mmap	linux_mmap_common	helper	semantics-only-freebsd-kernel-coupled	sys/compat/linux/linux_mmap.c	78
mmap	linux_mprotect_common	helper	semantics-only-freebsd-kernel-coupled	sys/compat/linux/linux_mmap.c	230
open-file-path	bsd_to_linux_flock	converter	semantics-only-freebsd-kernel-coupled	sys/compat/linux/linux_file.c	1284
open-file-path	bsd_to_linux_flock64	converter	semantics-only-freebsd-kernel-coupled	sys/compat/linux/linux_file.c	1341
open-file-path	linux_access	helper	semantics-only-freebsd-kernel-coupled	sys/compat/linux/linux_file.c	644
open-file-path	linux_chdir	syscall-handler	semantics-only-freebsd-kernel-coupled	sys/compat/linux/linux_file.c	756
open-file-path	linux_chmod	helper	semantics-only-freebsd-kernel-coupled	sys/compat/linux/linux_file.c	764
open-file-path	linux_chown	helper	semantics-only-freebsd-kernel-coupled	sys/compat/linux/linux_file.c	1585
open-file-path	linux_close_range	syscall-handler	semantics-only-freebsd-kernel-coupled	sys/compat/linux/linux_file.c	1874
open-file-path	linux_common_open	helper	semantics-only-freebsd-kernel-coupled	sys/compat/linux/linux_file.c	158
open-file-path	linux_common_openflags	converter	semantics-only-freebsd-kernel-coupled	sys/compat/linux/linux_file.c	110
open-file-path	linux_copy_file_range	syscall-handler	semantics-only-freebsd-kernel-coupled	sys/compat/linux/linux_file.c	1776
open-file-path	linux_creat	helper	semantics-only-freebsd-kernel-coupled	sys/compat/linux/linux_file.c	101
open-file-path	linux_do_accessat	helper	semantics-only-freebsd-kernel-coupled	sys/compat/linux/linux_file.c	657
open-file-path	linux_dup3	syscall-handler	semantics-only-freebsd-kernel-coupled	sys/compat/linux/linux_file.c	1734
open-file-path	linux_enobufs2eagain	helper	semantics-only-freebsd-kernel-coupled	sys/compat/linux/linux_file.c	1900
open-file-path	linux_faccessat	syscall-handler	semantics-only-freebsd-kernel-coupled	sys/compat/linux/linux_file.c	671
open-file-path	linux_faccessat2	syscall-handler	semantics-only-freebsd-kernel-coupled	sys/compat/linux/linux_file.c	679
open-file-path	linux_fadvise64	syscall-handler	semantics-only-freebsd-kernel-coupled	sys/compat/linux/linux_file.c	1646
open-file-path	linux_fadvise64_64	helper	semantics-only-freebsd-kernel-coupled	sys/compat/linux/linux_file.c	1665
open-file-path	linux_fallocate	syscall-handler	semantics-only-freebsd-kernel-coupled	sys/compat/linux/linux_file.c	1753
open-file-path	linux_fchmodat	syscall-handler	semantics-only-freebsd-kernel-coupled	sys/compat/linux/linux_file.c	773
open-file-path	linux_fchownat	syscall-handler	semantics-only-freebsd-kernel-coupled	sys/compat/linux/linux_file.c	1594
open-file-path	linux_fcntl	syscall-handler	semantics-only-freebsd-kernel-coupled	sys/compat/linux/linux_file.c	1528
open-file-path	linux_fcntl64	helper	semantics-only-freebsd-kernel-coupled	sys/compat/linux/linux_file.c	1536
open-file-path	linux_fdatasync	syscall-handler	semantics-only-freebsd-kernel-coupled	sys/compat/linux/linux_file.c	996
open-file-path	linux_ftruncate	syscall-handler	semantics-only-freebsd-kernel-coupled	sys/compat/linux/linux_file.c	945
open-file-path	linux_ftruncate64	helper	semantics-only-freebsd-kernel-coupled	sys/compat/linux/linux_file.c	953
open-file-path	linux_getdents	helper	semantics-only-freebsd-kernel-coupled	sys/compat/linux/linux_file.c	441
open-file-path	linux_getdents64	syscall-handler	semantics-only-freebsd-kernel-coupled	sys/compat/linux/linux_file.c	520
open-file-path	linux_getdents_error	helper	semantics-only-freebsd-kernel-coupled	sys/compat/linux/linux_file.c	356
open-file-path	linux_getdirentries	helper	semantics-only-freebsd-kernel-coupled	sys/compat/linux/linux_file.c	407
open-file-path	linux_inotify_add_watch	syscall-handler	semantics-only-freebsd-kernel-coupled	sys/compat/linux/linux_file.c	2038
open-file-path	linux_inotify_init	helper	semantics-only-freebsd-kernel-coupled	sys/compat/linux/linux_file.c	1972
open-file-path	linux_inotify_init1	syscall-handler	semantics-only-freebsd-kernel-coupled	sys/compat/linux/linux_file.c	1979
open-file-path	linux_inotify_init_flags	converter	semantics-only-freebsd-kernel-coupled	sys/compat/linux/linux_file.c	1945
open-file-path	linux_inotify_rm_watch	syscall-handler	semantics-only-freebsd-kernel-coupled	sys/compat/linux/linux_file.c	2051
open-file-path	linux_lchown	helper	semantics-only-freebsd-kernel-coupled	sys/compat/linux/linux_file.c	1616
open-file-path	linux_link	helper	semantics-only-freebsd-kernel-coupled	sys/compat/linux/linux_file.c	969
open-file-path	linux_linkat	syscall-handler	semantics-only-freebsd-kernel-coupled	sys/compat/linux/linux_file.c	978
open-file-path	linux_llseek	helper	semantics-only-freebsd-kernel-coupled	sys/compat/linux/linux_file.c	323
open-file-path	linux_lseek	syscall-handler	semantics-only-freebsd-kernel-coupled	sys/compat/linux/linux_file.c	315
open-file-path	linux_memfd_create	syscall-handler	semantics-only-freebsd-kernel-coupled	sys/compat/linux/linux_file.c	1818
open-file-path	linux_mkdir	helper	semantics-only-freebsd-kernel-coupled	sys/compat/linux/linux_file.c	784
open-file-path	linux_mkdirat	syscall-handler	semantics-only-freebsd-kernel-coupled	sys/compat/linux/linux_file.c	792
open-file-path	linux_mount	syscall-handler	semantics-only-freebsd-kernel-coupled	sys/compat/linux/linux_file.c	1130
open-file-path	linux_name_to_handle_at	syscall-handler	semantics-only-freebsd-kernel-coupled	sys/compat/linux/linux_file.c	229
open-file-path	linux_oldumount	helper	semantics-only-freebsd-kernel-coupled	sys/compat/linux/linux_file.c	1216
open-file-path	linux_open	helper	semantics-only-freebsd-kernel-coupled	sys/compat/linux/linux_file.c	220
open-file-path	linux_open_by_handle_at	syscall-handler	semantics-only-freebsd-kernel-coupled	sys/compat/linux/linux_file.c	296
open-file-path	linux_openat	syscall-handler	semantics-only-freebsd-kernel-coupled	sys/compat/linux/linux_file.c	209
open-file-path	linux_pipe	helper	semantics-only-freebsd-kernel-coupled	sys/compat/linux/linux_file.c	1687
open-file-path	linux_pipe2	syscall-handler	semantics-only-freebsd-kernel-coupled	sys/compat/linux/linux_file.c	1707
open-file-path	linux_pread	syscall-handler	semantics-only-freebsd-kernel-coupled	sys/compat/linux/linux_file.c	1026
open-file-path	linux_preadv	syscall-handler	semantics-only-freebsd-kernel-coupled	sys/compat/linux/linux_file.c	1076
open-file-path	linux_pwrite	syscall-handler	semantics-only-freebsd-kernel-coupled	sys/compat/linux/linux_file.c	1052
open-file-path	linux_pwritev	syscall-handler	semantics-only-freebsd-kernel-coupled	sys/compat/linux/linux_file.c	1103
open-file-path	linux_readdir	helper	semantics-only-freebsd-kernel-coupled	sys/compat/linux/linux_file.c	595
open-file-path	linux_readlink	helper	semantics-only-freebsd-kernel-coupled	sys/compat/linux/linux_file.c	897
open-file-path	linux_readlinkat	syscall-handler	semantics-only-freebsd-kernel-coupled	sys/compat/linux/linux_file.c	909
open-file-path	linux_rename	helper	semantics-only-freebsd-kernel-coupled	sys/compat/linux/linux_file.c	810
open-file-path	linux_renameat	syscall-handler	semantics-only-freebsd-kernel-coupled	sys/compat/linux/linux_file.c	819
open-file-path	linux_renameat2	syscall-handler	semantics-only-freebsd-kernel-coupled	sys/compat/linux/linux_file.c	833
open-file-path	linux_rmdir	helper	semantics-only-freebsd-kernel-coupled	sys/compat/linux/linux_file.c	802
open-file-path	linux_splice	syscall-handler	semantics-only-freebsd-kernel-coupled	sys/compat/linux/linux_file.c	1860
open-file-path	linux_symlink	helper	semantics-only-freebsd-kernel-coupled	sys/compat/linux/linux_file.c	877
open-file-path	linux_symlinkat	syscall-handler	semantics-only-freebsd-kernel-coupled	sys/compat/linux/linux_file.c	886
open-file-path	linux_sync_file_range	syscall-handler	semantics-only-freebsd-kernel-coupled	sys/compat/linux/linux_file.c	1003
open-file-path	linux_to_bsd_flock	converter	semantics-only-freebsd-kernel-coupled	sys/compat/linux/linux_file.c	1260
open-file-path	linux_to_bsd_flock64	converter	semantics-only-freebsd-kernel-coupled	sys/compat/linux/linux_file.c	1317
open-file-path	linux_truncate	syscall-handler	semantics-only-freebsd-kernel-coupled	sys/compat/linux/linux_file.c	922
open-file-path	linux_truncate64	helper	semantics-only-freebsd-kernel-coupled	sys/compat/linux/linux_file.c	930
open-file-path	linux_umount	helper	semantics-only-freebsd-kernel-coupled	sys/compat/linux/linux_file.c	1225
open-file-path	linux_unlink	helper	semantics-only-freebsd-kernel-coupled	sys/compat/linux/linux_file.c	703
open-file-path	linux_unlinkat	syscall-handler	semantics-only-freebsd-kernel-coupled	sys/compat/linux/linux_file.c	744
open-file-path	linux_unlinkat_impl	helper	semantics-only-freebsd-kernel-coupled	sys/compat/linux/linux_file.c	724
open-file-path	linux_write	syscall-handler	semantics-only-freebsd-kernel-coupled	sys/compat/linux/linux_file.c	1915
open-file-path	linux_writev	syscall-handler	semantics-only-freebsd-kernel-coupled	sys/compat/linux/linux_file.c	1927
path-device	linux_device_register_handler	helper	semantics-only-freebsd-kernel-coupled	sys/compat/linux/linux_util.c	304
path-device	linux_device_unregister_handler	helper	semantics-only-freebsd-kernel-coupled	sys/compat/linux/linux_util.c	324
path-device	linux_driver_get_major_minor	helper	semantics-only-freebsd-kernel-coupled	sys/compat/linux/linux_util.c	152
path-device	linux_driver_get_name_dev	helper	semantics-only-freebsd-kernel-coupled	sys/compat/linux/linux_util.c	136
path-device	linux_free_get_char_devices	helper	semantics-only-freebsd-kernel-coupled	sys/compat/linux/linux_util.c	295
path-device	linux_get_char_devices	helper	semantics-only-freebsd-kernel-coupled	sys/compat/linux/linux_util.c	258
path-device	linux_msg	helper	semantics-only-freebsd-kernel-coupled	sys/compat/linux/linux_util.c	104
path-device	linux_pwd_onexec	helper	semantics-only-freebsd-kernel-coupled	sys/compat/linux/linux_util.c	78
path-device	linux_pwd_onexec_native	helper	semantics-only-freebsd-kernel-coupled	sys/compat/linux/linux_util.c	97
path-device	linux_vn_get_major_minor	helper	semantics-only-freebsd-kernel-coupled	sys/compat/linux/linux_util.c	215
path-prefix	linux_common_execve	helper	semantics-only-freebsd-kernel-coupled	sys/compat/linux/linux_emul.c	212
path-prefix	linux_on_exec	helper	semantics-only-freebsd-kernel-coupled	sys/compat/linux/linux_emul.c	257
path-prefix	linux_on_exit	helper	semantics-only-freebsd-kernel-coupled	sys/compat/linux/linux_emul.c	190
path-prefix	linux_proc_init	helper	semantics-only-freebsd-kernel-coupled	sys/compat/linux/linux_emul.c	137
path-prefix	linux_schedtail	helper	semantics-only-freebsd-kernel-coupled	sys/compat/linux/linux_emul.c	332
path-prefix	linux_set_default_openfiles	helper	semantics-only-freebsd-kernel-coupled	sys/compat/linux/linux_emul.c	94
path-prefix	linux_set_default_stacksize	helper	semantics-only-freebsd-kernel-coupled	sys/compat/linux/linux_emul.c	117
path-prefix	linux_thread_dtor	helper	semantics-only-freebsd-kernel-coupled	sys/compat/linux/linux_emul.c	317
signal	bsd_to_linux_rt_signal	converter	semantics-only-freebsd-kernel-coupled	sys/compat/linux/linux.c	149
signal	bsd_to_linux_sigaction	converter	semantics-only-freebsd-kernel-coupled	sys/compat/linux/linux_signal.c	145
signal	bsd_to_linux_sigaltstack	converter	semantics-only-freebsd-kernel-coupled	sys/compat/linux/linux.c	194
signal	bsd_to_linux_signal	converter	semantics-only-freebsd-kernel-coupled	sys/compat/linux/linux.c	168
signal	bsd_to_linux_sigset	converter	semantics-only-freebsd-kernel-coupled	sys/compat/linux/linux.c	221
signal	linux_common_rt_sigtimedwait	helper	semantics-only-freebsd-kernel-coupled	sys/compat/linux/linux_signal.c	493
signal	linux_copyin_sigset	converter	semantics-only-freebsd-kernel-coupled	sys/compat/linux/linux_signal.c	968
signal	linux_do_sigaction	helper	semantics-only-freebsd-kernel-coupled	sys/compat/linux/linux_signal.c	173
signal	linux_do_sigprocmask	helper	semantics-only-freebsd-kernel-coupled	sys/compat/linux/linux_signal.c	288
signal	linux_kill	syscall-handler	semantics-only-freebsd-kernel-coupled	sys/compat/linux/linux_signal.c	545
signal	linux_pksignal	converter	semantics-only-freebsd-kernel-coupled	sys/compat/linux/linux_signal.c	928
signal	linux_psignal	converter	semantics-only-freebsd-kernel-coupled	sys/compat/linux/linux_signal.c	955
signal	linux_rt_sigaction	syscall-handler	semantics-only-freebsd-kernel-coupled	sys/compat/linux/linux_signal.c	263
signal	linux_rt_sigpending	syscall-handler	semantics-only-freebsd-kernel-coupled	sys/compat/linux/linux_signal.c	450
signal	linux_rt_sigprocmask	syscall-handler	semantics-only-freebsd-kernel-coupled	sys/compat/linux/linux_signal.c	356
signal	linux_rt_sigqueueinfo	syscall-handler	semantics-only-freebsd-kernel-coupled	sys/compat/linux/linux_signal.c	818
signal	linux_rt_sigsuspend	syscall-handler	semantics-only-freebsd-kernel-coupled	sys/compat/linux/linux_signal.c	873
signal	linux_rt_sigtimedwait	syscall-handler	semantics-only-freebsd-kernel-coupled	sys/compat/linux/linux_signal.c	474
signal	linux_rt_sigtimedwait_time64	helper	semantics-only-freebsd-kernel-coupled	sys/compat/linux/linux_signal.c	525
signal	linux_rt_tgsigqueueinfo	syscall-handler	semantics-only-freebsd-kernel-coupled	sys/compat/linux/linux_signal.c	846
signal	linux_sgetmask	helper	semantics-only-freebsd-kernel-coupled	sys/compat/linux/linux_signal.c	383
signal	linux_sigaltstack	syscall-handler	semantics-only-freebsd-kernel-coupled	sys/compat/linux/linux_signal.c	214
signal	linux_signal	converter	semantics-only-freebsd-kernel-coupled	sys/compat/linux/linux_signal.c	246
signal	linux_sigpending	helper	semantics-only-freebsd-kernel-coupled	sys/compat/linux/linux_signal.c	424
signal	linux_sigprocmask	helper	semantics-only-freebsd-kernel-coupled	sys/compat/linux/linux_signal.c	318
signal	linux_ssetmask	helper	semantics-only-freebsd-kernel-coupled	sys/compat/linux/linux_signal.c	400
signal	linux_tdksignal	converter	semantics-only-freebsd-kernel-coupled	sys/compat/linux/linux_signal.c	887
signal	linux_tdsignal	converter	semantics-only-freebsd-kernel-coupled	sys/compat/linux/linux_signal.c	915
signal	linux_tgkill	syscall-handler	semantics-only-freebsd-kernel-coupled	sys/compat/linux/linux_signal.c	567
signal	linux_tkill	syscall-handler	semantics-only-freebsd-kernel-coupled	sys/compat/linux/linux_signal.c	592
signal	linux_to_bsd_rt_signal	converter	semantics-only-freebsd-kernel-coupled	sys/compat/linux/linux.c	142
signal	linux_to_bsd_sigaction	converter	semantics-only-freebsd-kernel-coupled	sys/compat/linux/linux_signal.c	73
signal	linux_to_bsd_sigaltstack	converter	semantics-only-freebsd-kernel-coupled	sys/compat/linux/linux.c	180
signal	linux_to_bsd_signal	converter	semantics-only-freebsd-kernel-coupled	sys/compat/linux/linux.c	156
signal	linux_to_bsd_sigset	converter	semantics-only-freebsd-kernel-coupled	sys/compat/linux/linux.c	206
socket	bsd_to_linux_cmsg_type	converter	semantics-only-freebsd-kernel-coupled	sys/compat/linux/linux_socket.c	725
socket	bsd_to_linux_domain	converter	semantics-only-freebsd-kernel-coupled	sys/compat/linux/linux.c	261
socket	bsd_to_linux_ip6_cmsg_type	converter	semantics-only-freebsd-kernel-coupled	sys/compat/linux/linux_socket.c	712
socket	bsd_to_linux_ip_cmsg_type	converter	semantics-only-freebsd-kernel-coupled	sys/compat/linux/linux_socket.c	698
socket	bsd_to_linux_msghdr	converter	semantics-only-freebsd-kernel-coupled	sys/compat/linux/linux_socket.c	781
socket	bsd_to_linux_sockaddr	converter	semantics-only-freebsd-kernel-coupled	sys/compat/linux/linux.c	292
socket	bsd_to_linux_sockopt_level	converter	semantics-only-freebsd-kernel-coupled	sys/compat/linux/linux_socket.c	108
socket	bsd_to_linux_tcp_user_timeout	converter	semantics-only-freebsd-kernel-coupled	sys/compat/linux/linux_socket.c	618
socket	linux_accept	syscall-handler	semantics-only-freebsd-kernel-coupled	sys/compat/linux/linux_socket.c	1155
socket	linux_accept4	syscall-handler	semantics-only-freebsd-kernel-coupled	sys/compat/linux/linux_socket.c	1163
socket	linux_accept_common	helper	semantics-only-freebsd-kernel-coupled	sys/compat/linux/linux_socket.c	1081
socket	linux_bind	syscall-handler	semantics-only-freebsd-kernel-coupled	sys/compat/linux/linux_socket.c	1013
socket	linux_check_hdrincl	helper	semantics-only-freebsd-kernel-coupled	sys/compat/linux/linux_socket.c	857
socket	linux_connect	syscall-handler	semantics-only-freebsd-kernel-coupled	sys/compat/linux/linux_socket.c	1033
socket	linux_copyout_sockaddr	helper	semantics-only-freebsd-kernel-coupled	sys/compat/linux/linux_socket.c	816
socket	linux_getpeername	syscall-handler	semantics-only-freebsd-kernel-coupled	sys/compat/linux/linux_socket.c	1196
socket	linux_getsockname	syscall-handler	semantics-only-freebsd-kernel-coupled	sys/compat/linux/linux_socket.c	1171
socket	linux_getsockopt	syscall-handler	semantics-only-freebsd-kernel-coupled	sys/compat/linux/linux_socket.c	2447
socket	linux_getsockopt_so_linger	helper	semantics-only-freebsd-kernel-coupled	sys/compat/linux/linux_socket.c	2394
socket	linux_getsockopt_so_peergroups	helper	semantics-only-freebsd-kernel-coupled	sys/compat/linux/linux_socket.c	2338
socket	linux_getsockopt_so_peersec	helper	semantics-only-freebsd-kernel-coupled	sys/compat/linux/linux_socket.c	2375
socket	linux_getsockopt_tcp_info	helper	semantics-only-freebsd-kernel-coupled	sys/compat/linux/linux_socket.c	2411
socket	linux_listen	syscall-handler	semantics-only-freebsd-kernel-coupled	sys/compat/linux/linux_socket.c	1074
socket	linux_recv	helper	semantics-only-freebsd-kernel-coupled	sys/compat/linux/linux_socket.c	1307
socket	linux_recvfrom	syscall-handler	semantics-only-freebsd-kernel-coupled	sys/compat/linux/linux_socket.c	1360
socket	linux_recvmmsg	syscall-handler	semantics-only-freebsd-kernel-coupled	sys/compat/linux/linux_socket.c	2063
socket	linux_recvmmsg_common	helper	semantics-only-freebsd-kernel-coupled	sys/compat/linux/linux_socket.c	2011
socket	linux_recvmmsg_time64	helper	semantics-only-freebsd-kernel-coupled	sys/compat/linux/linux_socket.c	2084
socket	linux_recvmsg	syscall-handler	semantics-only-freebsd-kernel-coupled	sys/compat/linux/linux_socket.c	1996
socket	linux_recvmsg_common	helper	semantics-only-freebsd-kernel-coupled	sys/compat/linux/linux_socket.c	1832
socket	linux_send	helper	semantics-only-freebsd-kernel-coupled	sys/compat/linux/linux_socket.c	1264
socket	linux_sendfile	syscall-handler	semantics-only-freebsd-kernel-coupled	sys/compat/linux/linux_socket.c	2878
socket	linux_sendfile64	helper	semantics-only-freebsd-kernel-coupled	sys/compat/linux/linux_socket.c	2924
socket	linux_sendfile_common	helper	semantics-only-freebsd-kernel-coupled	sys/compat/linux/linux_socket.c	2829
socket	linux_sendit	helper	semantics-only-freebsd-kernel-coupled	sys/compat/linux/linux_socket.c	832
socket	linux_sendmmsg	syscall-handler	semantics-only-freebsd-kernel-coupled	sys/compat/linux/linux_socket.c	1595
socket	linux_sendmsg	syscall-handler	semantics-only-freebsd-kernel-coupled	sys/compat/linux/linux_socket.c	1587
socket	linux_sendmsg_common	helper	semantics-only-freebsd-kernel-coupled	sys/compat/linux/linux_socket.c	1414
socket	linux_sendto	syscall-handler	semantics-only-freebsd-kernel-coupled	sys/compat/linux/linux_socket.c	1329
socket	linux_sendto_hdrincl	helper	semantics-only-freebsd-kernel-coupled	sys/compat/linux/linux_socket.c	876
socket	linux_set_socket_flags	converter	semantics-only-freebsd-kernel-coupled	sys/compat/linux/linux_socket.c	803
socket	linux_setsockopt	syscall-handler	semantics-only-freebsd-kernel-coupled	sys/compat/linux/linux_socket.c	2112
socket	linux_shutdown	syscall-handler	semantics-only-freebsd-kernel-coupled	sys/compat/linux/linux_socket.c	2105
socket	linux_socket	syscall-handler	semantics-only-freebsd-kernel-coupled	sys/compat/linux/linux_socket.c	934
socket	linux_socketcall	helper	semantics-only-freebsd-kernel-coupled	sys/compat/linux/linux_socket.c	2962
socket	linux_socketpair	syscall-handler	semantics-only-freebsd-kernel-coupled	sys/compat/linux/linux_socket.c	1221
socket	linux_sockopt_copyout	helper	semantics-only-freebsd-kernel-coupled	sys/compat/linux/linux_socket.c	2315
socket	linux_to_bsd_cmsg_type	converter	semantics-only-freebsd-kernel-coupled	sys/compat/linux/linux_socket.c	685
socket	linux_to_bsd_domain	converter	semantics-only-freebsd-kernel-coupled	sys/compat/linux/linux.c	236
socket	linux_to_bsd_icmp6_sockopt	converter	semantics-only-freebsd-kernel-coupled	sys/compat/linux/linux_socket.c	629
socket	linux_to_bsd_ip6_sockopt	converter	semantics-only-freebsd-kernel-coupled	sys/compat/linux/linux_socket.c	280
socket	linux_to_bsd_ip_sockopt	converter	semantics-only-freebsd-kernel-coupled	sys/compat/linux/linux_socket.c	117
socket	linux_to_bsd_msg_flags	converter	semantics-only-freebsd-kernel-coupled	sys/compat/linux/linux_socket.c	641
socket	linux_to_bsd_msghdr	converter	semantics-only-freebsd-kernel-coupled	sys/compat/linux/linux_socket.c	756
socket	linux_to_bsd_so_sockopt	converter	semantics-only-freebsd-kernel-coupled	sys/compat/linux/linux_socket.c	518
socket	linux_to_bsd_sockaddr	converter	semantics-only-freebsd-kernel-coupled	sys/compat/linux/linux.c	318
socket	linux_to_bsd_sockopt_level	converter	semantics-only-freebsd-kernel-coupled	sys/compat/linux/linux_socket.c	98
socket	linux_to_bsd_tcp_sockopt	converter	semantics-only-freebsd-kernel-coupled	sys/compat/linux/linux_socket.c	579
socket	linux_to_bsd_tcp_user_timeout	converter	semantics-only-freebsd-kernel-coupled	sys/compat/linux/linux_socket.c	606
