address	owner	form
0xfb594	time_put<char>::do_put	dynamic-%[modifier]conversion
0xfb660	__time_put::__do_put(char*)	dynamic-%[modifier]conversion
0xfba4c	__time_put::__do_put(wchar_t*)	dynamic-%[modifier]conversion
0x113228	__time_get_storage<char>::__analyze	dynamic-single-conversion
0x113b1c	__time_get_storage<wchar_t>::__analyze	dynamic-single-conversion
0x1154d0	__time_get_storage<char>::init	%A-weekday-loop
0x1154f4	__time_get_storage<char>::init	%a-weekday-loop
0x115544	__time_get_storage<char>::init	%B-month-loop
0x115568	__time_get_storage<char>::init	%b-month-loop
0x1155ac	__time_get_storage<char>::init	%p-AM
0x1155d8	__time_get_storage<char>::init	%p-PM
0x115774	__time_get_storage<wchar_t>::init	%A-weekday-loop
0x1158d0	__time_get_storage<wchar_t>::init	%a-weekday-loop
0x115a5c	__time_get_storage<wchar_t>::init	%B-month-loop
0x115bb8	__time_get_storage<wchar_t>::init	%b-month-loop
0x115d1c	__time_get_storage<wchar_t>::init	%p-AM
0x115ea4	__time_get_storage<wchar_t>::init	%p-PM
