soname	symbol	version	owner
libc.so	__ctype_get_mb_cur_max	LIBC	locale
libc.so	__cxa_atexit	LIBC	dso-lifecycle
libc.so	__cxa_finalize	LIBC	dso-lifecycle
libc.so	__cxa_thread_atexit_impl	LIBC	dso-lifecycle
libc.so	__errno	LIBC	errno
libc.so	__gnu_strerror_r	LIBC	strerror
libc.so	__memcpy_chk	LIBC	leaf
libc.so	__memmove_chk	LIBC	leaf
libc.so	__memset_chk	LIBC	leaf
libc.so	__open_2	LIBC	filesystem
libc.so	__pthread_cleanup_pop	LIBC	pthread
libc.so	__pthread_cleanup_push	LIBC	pthread
libc.so	__read_chk	LIBC	filesystem
libc.so	__register_atfork	LIBC	dso-lifecycle
libc.so	__sF	LIBC	stdio
libc.so	__stack_chk_fail	LIBC	abort
libc.so	__strlen_chk	LIBC	leaf
libc.so	__system_property_get	LIBC	process-state
libc.so	__vsnprintf_chk	LIBC	format
libc.so	__write_chk	LIBC_N	filesystem
libc.so	_ctype_	LIBC	locale
libc.so	_exit	LIBC	process-state
libc.so	abort	LIBC	abort
libc.so	access	LIBC	filesystem
libc.so	aligned_alloc	LIBC_P	allocator
libc.so	android_set_abort_message	LIBC	abort
libc.so	asprintf	LIBC	format
libc.so	atof	LIBC	float-conversion
libc.so	atoi	LIBC	leaf
libc.so	atol	LIBC	leaf
libc.so	bsearch	LIBC	leaf
libc.so	btowc	LIBC	locale
libc.so	calloc	LIBC	allocator
libc.so	chdir	LIBC	filesystem
libc.so	clock_gettime	LIBC	time
libc.so	close	LIBC	central-fd-broker
libc.so	closedir	LIBC	filesystem
libc.so	closelog	LIBC	syslog
libc.so	connect	LIBC	socket
libc.so	ctime	LIBC	time
libc.so	exit	LIBC	process-state
libc.so	fchmod	LIBC	filesystem
libc.so	fchmodat	LIBC	filesystem
libc.so	fclose	LIBC	stdio
libc.so	fcntl	LIBC	central-fd-broker
libc.so	fdopendir	LIBC	filesystem
libc.so	feof	LIBC	stdio
libc.so	ferror	LIBC	stdio
libc.so	fflush	LIBC	stdio
libc.so	fgets	LIBC	stdio
libc.so	fileno	LIBC	stdio
libc.so	fopen	LIBC	stdio
libc.so	fprintf	LIBC	formatted-stdio
libc.so	fputc	LIBC	stdio
libc.so	fputs	LIBC	stdio
libc.so	fputwc	LIBC	wide-stdio
libc.so	fread	LIBC	stdio
libc.so	free	LIBC	allocator
libc.so	freeaddrinfo	LIBC	dns
libc.so	freelocale	LIBC	locale
libc.so	fseek	LIBC	stdio
libc.so	fseeko	LIBC	stdio
libc.so	fstat	LIBC	filesystem
libc.so	ftell	LIBC	stdio
libc.so	ftello	LIBC	stdio
libc.so	ftruncate	LIBC	filesystem
libc.so	fwrite	LIBC	stdio
libc.so	gai_strerror	LIBC	dns
libc.so	getaddrinfo	LIBC	dns
libc.so	getauxval	LIBC	process-state
libc.so	getc	LIBC	stdio
libc.so	getcwd	LIBC	filesystem
libc.so	getenv	LIBC	process-state
libc.so	geteuid	LIBC	process-state
libc.so	getpagesize	LIBC	process-state
libc.so	getpid	LIBC	process-state
libc.so	getsockopt	LIBC	socket
libc.so	gettimeofday	LIBC	time
libc.so	getwc	LIBC	wide-stdio
libc.so	gmtime	LIBC	time
libc.so	gmtime_r	LIBC	time
libc.so	inet_ntop	LIBC	dns
libc.so	ioctl	LIBC	ioctl
libc.so	isatty	LIBC	filesystem
libc.so	isdigit_l	LIBC	locale
libc.so	islower_l	LIBC	locale
libc.so	isupper_l	LIBC	locale
libc.so	iswalpha_l	LIBC	locale
libc.so	iswblank_l	LIBC	locale
libc.so	iswcntrl_l	LIBC	locale
libc.so	iswdigit_l	LIBC	locale
libc.so	iswlower_l	LIBC	locale
libc.so	iswprint_l	LIBC	locale
libc.so	iswpunct_l	LIBC	locale
libc.so	iswspace_l	LIBC	locale
libc.so	iswupper_l	LIBC	locale
libc.so	iswxdigit_l	LIBC	locale
libc.so	isxdigit_l	LIBC	locale
libc.so	kill	LIBC	process-state
libc.so	ldexp	LIBC	math
libc.so	link	LIBC	filesystem
libc.so	localeconv	LIBC	locale
libc.so	localtime	LIBC	time
libc.so	localtime_r	LIBC	time
libc.so	longjmp	LIBC	process-state
libc.so	lseek	LIBC	filesystem
libc.so	lstat	LIBC	filesystem
libc.so	madvise	LIBC	vm
libc.so	malloc	LIBC	allocator
libc.so	malloc_usable_size	LIBC	allocator
libc.so	mallopt		allocator
libc.so	mbrlen	LIBC	locale
libc.so	mbrtowc	LIBC	locale
libc.so	mbsnrtowcs	LIBC	locale
libc.so	mbsrtowcs	LIBC	locale
libc.so	mbtowc	LIBC	locale
libc.so	memalign	LIBC	allocator
libc.so	memchr	LIBC	leaf
libc.so	memcmp	LIBC	leaf
libc.so	memcpy	LIBC	leaf
libc.so	memmove	LIBC	leaf
libc.so	memset	LIBC	leaf
libc.so	mkdir	LIBC	filesystem
libc.so	mktime	LIBC	time
libc.so	mmap	LIBC	vm
libc.so	mprotect	LIBC	vm
libc.so	munmap	LIBC	vm
libc.so	nanosleep	LIBC	time
libc.so	newlocale	LIBC	locale
libc.so	nice	LIBC	process-state
libc.so	open	LIBC	filesystem
libc.so	openat	LIBC	filesystem
libc.so	opendir	LIBC	filesystem
libc.so	openlog	LIBC	syslog
libc.so	pathconf	LIBC	filesystem
libc.so	perror	LIBC	stdio
libc.so	pipe	LIBC	central-fd-broker
libc.so	poll	LIBC	central-fd-broker
libc.so	posix_memalign	LIBC	allocator
libc.so	prctl	LIBC	process-state
libc.so	pthread_attr_destroy	LIBC	pthread
libc.so	pthread_attr_getguardsize	LIBC	pthread
libc.so	pthread_attr_getschedparam	LIBC	pthread
libc.so	pthread_attr_init	LIBC	pthread
libc.so	pthread_attr_setdetachstate	LIBC	pthread
libc.so	pthread_attr_setguardsize	LIBC	pthread
libc.so	pthread_attr_setschedparam	LIBC	pthread
libc.so	pthread_attr_setschedpolicy	LIBC	pthread
libc.so	pthread_attr_setscope	LIBC	pthread
libc.so	pthread_attr_setstacksize	LIBC	pthread
libc.so	pthread_cond_broadcast	LIBC	pthread
libc.so	pthread_cond_destroy	LIBC	pthread
libc.so	pthread_cond_init	LIBC	pthread
libc.so	pthread_cond_signal	LIBC	pthread
libc.so	pthread_cond_timedwait	LIBC	pthread
libc.so	pthread_cond_wait	LIBC	pthread
libc.so	pthread_create	LIBC	pthread
libc.so	pthread_detach	LIBC	pthread
libc.so	pthread_equal	LIBC	pthread
libc.so	pthread_getschedparam	LIBC	pthread
libc.so	pthread_getspecific	LIBC	pthread
libc.so	pthread_join	LIBC	pthread
libc.so	pthread_key_create	LIBC	pthread
libc.so	pthread_key_delete	LIBC	pthread
libc.so	pthread_kill	LIBC	pthread
libc.so	pthread_mutex_destroy	LIBC	pthread
libc.so	pthread_mutex_init	LIBC	pthread
libc.so	pthread_mutex_lock	LIBC	pthread
libc.so	pthread_mutex_trylock	LIBC	pthread
libc.so	pthread_mutex_unlock	LIBC	pthread
libc.so	pthread_mutexattr_destroy	LIBC	pthread
libc.so	pthread_mutexattr_init	LIBC	pthread
libc.so	pthread_mutexattr_settype	LIBC	pthread
libc.so	pthread_once	LIBC	pthread
libc.so	pthread_rwlock_destroy	LIBC	pthread
libc.so	pthread_rwlock_init	LIBC	pthread
libc.so	pthread_rwlock_rdlock	LIBC	pthread
libc.so	pthread_rwlock_unlock	LIBC	pthread
libc.so	pthread_rwlock_wrlock	LIBC	pthread
libc.so	pthread_self	LIBC	pthread
libc.so	pthread_setname_np	LIBC	pthread
libc.so	pthread_setspecific	LIBC	pthread
libc.so	pthread_sigmask	LIBC	pthread
libc.so	puts	LIBC	stdio
libc.so	qsort	LIBC	leaf
libc.so	rand	LIBC	process-state
libc.so	read	LIBC	central-fd-broker
libc.so	readdir	LIBC	filesystem
libc.so	readlink	LIBC	filesystem
libc.so	realloc	LIBC	allocator
libc.so	realpath	LIBC	filesystem
libc.so	recv	LIBC	socket
libc.so	recvfrom	LIBC	socket
libc.so	remove	LIBC	filesystem
libc.so	rename	LIBC	filesystem
libc.so	rmdir	LIBC	filesystem
libc.so	sched_get_priority_max	LIBC	process-state
libc.so	sched_yield	LIBC	process-state
libc.so	sem_destroy	LIBC	pthread
libc.so	sem_init	LIBC	pthread
libc.so	sem_post	LIBC	pthread
libc.so	sem_timedwait	LIBC	pthread
libc.so	sem_wait	LIBC	pthread
libc.so	send	LIBC	socket
libc.so	sendfile	LIBC	sendfile
libc.so	sendto	LIBC	socket
libc.so	setbuf	LIBC	stdio
libc.so	setjmp	LIBC	process-state
libc.so	setlocale	LIBC	locale
libc.so	setsockopt	LIBC	socket
libc.so	shutdown	LIBC	socket
libc.so	sigaction	LIBC	process-state
libc.so	sigaltstack	LIBC	process-state
libc.so	sigdelset	LIBC	process-state
libc.so	sigfillset	LIBC	process-state
libc.so	snprintf	LIBC	format
libc.so	socket	LIBC	socket
libc.so	sprintf	LIBC	format
libc.so	srand	LIBC	process-state
libc.so	sscanf	LIBC	scanf
libc.so	stat	LIBC	filesystem
libc.so	statvfs	LIBC	filesystem
libc.so	stderr	LIBC	stdio
libc.so	stdin	LIBC	stdio
libc.so	stdout	LIBC	stdio
libc.so	strcasecmp	LIBC	leaf
libc.so	strcat	LIBC	leaf
libc.so	strchr	LIBC	leaf
libc.so	strcmp	LIBC	leaf
libc.so	strcoll_l	LIBC	locale
libc.so	strcpy	LIBC	leaf
libc.so	strcspn	LIBC	leaf
libc.so	strdup	LIBC	allocator
libc.so	strerror	LIBC	strerror
libc.so	strerror_r	LIBC	strerror
libc.so	strftime_l	LIBC	strftime
libc.so	strlen	LIBC	leaf
libc.so	strncat	LIBC	leaf
libc.so	strncmp	LIBC	leaf
libc.so	strncpy	LIBC	leaf
libc.so	strpbrk	LIBC	leaf
libc.so	strrchr	LIBC	leaf
libc.so	strspn	LIBC	leaf
libc.so	strstr	LIBC	leaf
libc.so	strtod	LIBC	float-conversion
libc.so	strtod_l	LIBC_O	float-conversion
libc.so	strtof	LIBC	float-conversion
libc.so	strtof_l	LIBC_O	float-conversion
libc.so	strtol	LIBC	numeric
libc.so	strtold	LIBC	binary128-conversion
libc.so	strtold_l	LIBC	binary128-conversion
libc.so	strtoll	LIBC	numeric
libc.so	strtoll_l	LIBC	numeric
libc.so	strtoul	LIBC	numeric
libc.so	strtoull	LIBC	numeric
libc.so	strtoull_l	LIBC	numeric
libc.so	strxfrm_l	LIBC	locale
libc.so	swprintf	LIBC	swprintf
libc.so	symlink	LIBC	filesystem
libc.so	syscall	LIBC	syscall
libc.so	sysconf	LIBC	time
libc.so	syslog	LIBC	syslog
libc.so	time	LIBC	time
libc.so	towlower_l	LIBC	locale
libc.so	towupper_l	LIBC	locale
libc.so	truncate	LIBC	filesystem
libc.so	ungetc	LIBC	stdio
libc.so	ungetwc	LIBC	wide-stdio
libc.so	unlink	LIBC	filesystem
libc.so	unlinkat	LIBC	filesystem
libc.so	uselocale	LIBC	locale
libc.so	utimensat	LIBC	filesystem
libc.so	vasprintf	LIBC	format
libc.so	vfprintf	LIBC	formatted-stdio
libc.so	vprintf	LIBC	stdio
libc.so	vsnprintf	LIBC	format
libc.so	vsscanf	LIBC	scanf
libc.so	wcrtomb	LIBC	locale
libc.so	wcscoll_l	LIBC	locale
libc.so	wcslen	LIBC	leaf
libc.so	wcsnrtombs	LIBC	locale
libc.so	wcstod	LIBC	wide-float
libc.so	wcstof	LIBC	wide-float
libc.so	wcstol	LIBC	wide-integer
libc.so	wcstold	LIBC	binary128-conversion
libc.so	wcstoll	LIBC	wide-integer
libc.so	wcstoul	LIBC	wide-integer
libc.so	wcstoull	LIBC	wide-integer
libc.so	wcsxfrm_l	LIBC	locale
libc.so	wctob	LIBC	locale
libc.so	wmemchr	LIBC	leaf
libc.so	wmemcmp	LIBC	leaf
libc.so	wmemcpy	LIBC	leaf
libc.so	wmemmove	LIBC	leaf
libc.so	wmemset	LIBC	leaf
libc.so	write	LIBC	central-fd-broker
libdl.so	android_dlopen_ext	LIBC	dso-lifecycle
libdl.so	dl_iterate_phdr	LIBC	phdr
libdl.so	dlclose	LIBC	dso-lifecycle
libdl.so	dlerror	LIBC	dso-lifecycle
libdl.so	dlopen	LIBC	dso-lifecycle
libdl.so	dlsym	LIBC	dso-lifecycle
liblog.so	__android_log_assert		liblog
liblog.so	__android_log_buf_print		liblog
liblog.so	__android_log_buf_write		liblog
liblog.so	__android_log_call_aborter		liblog
liblog.so	__android_log_default_aborter		liblog
liblog.so	__android_log_error_write		liblog
liblog.so	__android_log_get_minimum_priority		liblog
liblog.so	__android_log_is_loggable		liblog
liblog.so	__android_log_is_loggable_len		liblog
liblog.so	__android_log_logd_logger		liblog
liblog.so	__android_log_print		liblog
liblog.so	__android_log_print	LIBLOG	liblog
liblog.so	__android_log_set_aborter		liblog
liblog.so	__android_log_set_default_tag		liblog
liblog.so	__android_log_set_logger		liblog
liblog.so	__android_log_set_minimum_priority		liblog
liblog.so	__android_log_stderr_logger		liblog
liblog.so	__android_log_vprint		liblog
liblog.so	__android_log_write		liblog
liblog.so	__android_log_write_log_message		liblog
libm.so	acos	LIBC	math
libm.so	acosf	LIBC	math
libm.so	acosh	LIBC	math
libm.so	asin	LIBC	math
libm.so	asinf	LIBC	math
libm.so	asinh	LIBC	math
libm.so	atan	LIBC	math
libm.so	atan2	LIBC	math
libm.so	atan2f	LIBC	math
libm.so	atanf	LIBC	math
libm.so	atanh	LIBC	math
libm.so	cbrt	LIBC	math
libm.so	cbrtf	LIBC	math
libm.so	cos	LIBC	math
libm.so	cosf	LIBC	math
libm.so	cosh	LIBC	math
libm.so	erff	LIBC	math
libm.so	exp	LIBC	math
libm.so	exp2	LIBC	math
libm.so	exp2f	LIBC	math
libm.so	expf	LIBC	math
libm.so	fmod	LIBC	math
libm.so	fmodf	LIBC	math
libm.so	frexp	LIBC	math
libm.so	hypot	LIBC	math
libm.so	hypotf	LIBC	math
libm.so	ilogbf	LIBC	math
libm.so	ldexp	LIBC	math
libm.so	log	LIBC	math
libm.so	log10	LIBC	math
libm.so	log2	LIBC	math
libm.so	log2f	LIBC	math
libm.so	logbf	LIBC	math
libm.so	logf	LIBC	math
libm.so	nextafter	LIBC	math
libm.so	nextafterf	LIBC	math
libm.so	pow	LIBC	math
libm.so	powf	LIBC	math
libm.so	remainder	LIBC	math
libm.so	scalbnf	LIBC	math
libm.so	sin	LIBC	math
libm.so	sincos	LIBC	math
libm.so	sincosf	LIBC	math
libm.so	sinf	LIBC	math
libm.so	sinh	LIBC	math
libm.so	tan	LIBC	math
libm.so	tanf	LIBC	math
libm.so	tanh	LIBC	math
libm.so	tanhf	LIBC	math
